{
  "project_info": {
    "project_number": "509733563491",
    "project_id": "notes-and-passwords-8e159",
    "storage_bucket": "notes-and-passwords-8e159.appspot.com"
  },
  "client": [
    {
      "client_info": {
        "mobilesdk_app_id": "1:509733563491:android:14c640f8761aeea798dc56",
        "android_client_info": {
          "package_name": "com.example.archive"
        }
      },
      "oauth_client": [
        {
          "client_id": "509733563491-3iidl3doede2ldtldj3o63b8u4b05lde.apps.googleusercontent.com",
          "client_type": 3
        }
      ],
      "api_key": [
        {
          "current_key": "AIzaSyAMqsqcPBLWouB2heHwayHVdIasxGgzuQY"
        }
      ],
      "services": {
        "appinvite_service": {
          "other_platform_oauth_client": [
            {
              "client_id": "509733563491-3iidl3doede2ldtldj3o63b8u4b05lde.apps.googleusercontent.com",
              "client_type": 3
            }
          ]
        }
      }
    }
  ],
  "configuration_version": "1"
}